{
  "results": [
    {
      "command": "./hparse/zig-out/bin/hparse",
      "mean": 1.2721572508999999,
      "stddev": 0.009560822627916856,
      "median": 1.2682488754999999,
      "user": 1.27146572,
      "system": 0.0004767240000000001,
      "min": 1.263461894,
      "max": 1.291703237,
      "times": [
        1.291703237,
        1.283879852,
        1.2683633699999999,
        1.263461894,
        1.2681343809999999,
        1.268580288,
        1.264476798,
        1.265262337,
        1.267857551,
        1.279852801
      ],
      "exit_codes": [
        0,
        0,
        0,
        0,
        0,
        0,
        0,
        0,
        0,
        0
      ]
    },
    {
      "command": "./picohttpparser/picohttpparser",
      "mean": 1.4489915962999997,
      "stddev": 0.004836319463586375,
      "median": 1.4477466795,
      "user": 1.44846982,
      "system": 0.000339324,
      "min": 1.4433375,
      "max": 1.459405522,
      "times": [
        1.459405522,
        1.4433375,
        1.446083931,
        1.45116982,
        1.447214942,
        1.444784701,
        1.448278417,
        1.448923307,
        1.454345463,
        1.44637236
      ],
      "exit_codes": [
        0,
        0,
        0,
        0,
        0,
        0,
        0,
        0,
        0,
        0
      ]
    },
    {
      "command": "./bench-httparse/target/release/bench-httparse",
      "mean": 1.5210939969,
      "stddev": 0.011608657355541525,
      "median": 1.5184613585,
      "user": 1.5204274199999999,
      "system": 0.000435832,
      "min": 1.510693684,
      "max": 1.551007421,
      "times": [
        1.5245961430000001,
        1.512126462,
        1.515456266,
        1.522391357,
        1.510693684,
        1.514844602,
        1.551007421,
        1.521466451,
        1.51486658,
        1.523491003
      ],
      "exit_codes": [
        0,
        0,
        0,
        0,
        0,
        0,
        0,
        0,
        0,
        0
      ]
    }
  ]
}
