{
  "results": [
    {
      "command": "./hparse/zig-out/bin/hparse",
      "mean": 1.25463189818,
      "stddev": 0.007517065455254748,
      "median": 1.25249739348,
      "user": 1.25389338,
      "system": 0.00040030799999999994,
      "min": 1.2482751759800002,
      "max": 1.2734537079800001,
      "times": [
        1.2734537079800001,
        1.2579643069800002,
        1.24916385298,
        1.2498196699800002,
        1.2502163719800001,
        1.25477841498,
        1.25527388498,
        1.24994453298,
        1.25742906298,
        1.2482751759800002
      ],
      "exit_codes": [
        0,
        0,
        0,
        0,
        0,
        0,
        0,
        0,
        0,
        0
      ]
    },
    {
      "command": "./picohttpparser/picohttpparser",
      "mean": 1.4338262495800003,
      "stddev": 0.007517095129837356,
      "median": 1.4344539794800002,
      "user": 1.43329678,
      "system": 0.00046191,
      "min": 1.42437709998,
      "max": 1.44836179398,
      "times": [
        1.43832229798,
        1.4259874189800001,
        1.42437709998,
        1.44836179398,
        1.43530811898,
        1.43359983998,
        1.43728321998,
        1.4284064329800001,
        1.4268963839800002,
        1.43971988898
      ],
      "exit_codes": [
        0,
        0,
        0,
        0,
        0,
        0,
        0,
        0,
        0,
        0
      ]
    },
    {
      "command": "./bench-httparse/target/release/bench-httparse",
      "mean": 1.32597409708,
      "stddev": 0.025837313946617875,
      "median": 1.3136893304800001,
      "user": 1.32518538,
      "system": 0.000619718,
      "min": 1.3048032359800001,
      "max": 1.37937219898,
      "times": [
        1.37937219898,
        1.3072115029800002,
        1.31902083998,
        1.35904585098,
        1.30484796198,
        1.33321002198,
        1.3083578209800002,
        1.3048032359800001,
        1.30828305298,
        1.33558848398
      ],
      "exit_codes": [
        0,
        0,
        0,
        0,
        0,
        0,
        0,
        0,
        0,
        0
      ]
    }
  ]
}
